No,Condition1,Condition2,FC1,APG1,APG2,APG3,APG4,APG5,RPGprev1,RPGprev2,RPGprev3,RPGprev4,VATT1,Age,Gender
1,ctl,nowrds,2,4,3,5,3,4,3,4,2,2,4,14,2
2,ctl,wrds,2,4,4,4,4,4,3,3,4,4,4,15,2
3,ctl,nowrds,3,3,3,5,4,4,1,1,1,1,5,15,1
4,ctl,wrds,1,3,3,3,4,3,3,3,2,3,5,15,2
5,ctl,nowrds,2,5,3,5,4,5,4,5,5,5,5,15,2
6,ctl,wrds,1,1,1,2,1,1,3,2,3,2,4,15,2
7,ctl,nowrds,1,3,2,2,2,2,4,4,2,4,4,15,1
8,ctl,wrds,1,3,2,4,2,4,1,1,1,1,5,14,1
9,ctl,nowrds,2,4,4,4,3,3,3,4,3,4,4,15,1
10,ctl,wrds,3,5,4,4,4,5,4,4,2,1,5,15,1
12,ctl,nowrds,2,4,4,4,4,4,4,4,4,4,4,15,2
13,ctl,wrds,2,4,3,4,3,4,3,2,3,2,3,15,1
14,ctl,nowrds,6,5,4,4,4,5,1,1,1,1,5,17,1
15,ctl,wrds,2,4,2,4,3,4,2,3,4,3,5,13,1
16,ctl,nowrds,3,1,1,3,1,5,1,1,1,1,5,14,2
17,ctl,wrds,1,3,3,3,3,3,3,3,3,3,3,14,1
18,ctl,nowrds,3,4,4,4,4,4,3,3,3,3,4,14,2
19,ctl,wrds,2,2,2,4,2,2,4,4,3,3,3,15,1
20,ctl,nowrds,1,4,3,4,4,4,5,5,5,5,5,14,2
21,ctl,wrds,1,2,2,4,3,3,3,4,4,4,4,14,2
22,ctl,nowrds,3,2,2,4,3,4,4,3,4,3,5,13,1
23,ctl,wrds,2,3,3,3,3,3,4,3,2,2,5,14,1
24,ctl,nowrds,2,3,3,3,3,3,3,3,3,3,4,14,1
25,ctl,wrds,3,4,4,5,4,4,5,5,5,5,4,13,2
26,ctl,nowrds,2,4,4,4,4,4,5,5,5,5,5,14,1
27,ctl,wrds,4,3,3,3,3,3,4,4,3,3,4,14,2
28,ctl,nowrds,3,4,2,3,3,4,3,5,1,3,4,15,1
29,ctl,wrds,2,4,4,4,4,4,2,2,2,2,5,15,2
30,ctl,nowrds,5,3,3,4,4,4,3,3,2,2,5,15,2
31,ctl,wrds,2,5,5,5,5,5,3,3,3,3,5,15,2
32,ctl,nowrds,2,5,5,4,3,5,2,4,1,3,5,15,2
33,ctl,wrds,2,3,3,4,4,3,5,3,3,3,4,15,2
34,ctl,nowrds,2,4,4,4,4,4,3,4,3,3,5,14,2
35,ctl,wrds,2,4,3,3,3,3,3,4,3,4,5,14,2
36,ctl,nowrds,2,4,4,4,3,3,4,4,4,3,4,14,2
37,ctl,wrds,2,3,3,3,3,3,3,3,3,3,3,15,1
38,ctl,nowrds,2,4,4,4,4,4,2,4,3,3,5,15,1
39,ctl,wrds,3,2,2,2,2,2,4,4,4,4,4,14,1
40,ctl,nowrds,2,4,4,4,4,4,3,4,2,4,4,16,1
41,ctl,wrds,4,3,3,3,5,5,4,4,5,5,5,14,2
42,ctl,nowrds,2,5,5,5,5,3,3,2,2,2,5,16,1
43,ctl,wrds,2,4,4,4,4,4,2,2,1,2,5,15,1
44,ctl,nowrds,2,1,1,3,3,3,1,1,1,1,4,16,2
45,ctl,wrds,3,3,2,4,5,5,3,2,2,2,5,17,2
46,ctl,nowrds,2,4,2,4,4,4,2,2,2,2,4,15,2
47,ctl,wrds,2,5,5,5,5,5,3,3,3,3,5,15,1
48,ctl,nowrds,2,1,1,4,1,2,1,1,1,1,4,15,1
49,ctl,wrds,2,2,2,2,4,3,2,2,2,2,4,16,1
50,ctl,nowrds,2,1,1,1,1,1,1,1,1,1,5,15,1
51,ctl,wrds,1,3,3,4,4,5,4,4,3,4,5,16,2
52,ctl,nowrds,2,4,3,4,3,3,4,4,2,4,4,14,1
53,ctl,wrds,2,5,4,4,5,5,2,4,3,4,4,15,2
54,ctl,nowrds,2,4,3,4,4,4,3,3,3,3,5,16,1
55,ctl,wrds,2,3,3,3,3,3,3,2,2,2,4,16,2
56,ctl,nowrds,2,3,3,3,3,3,1,1,1,1,5,16,1
57,ctl,wrds,4,4,3,4,4,4,4,4,2,2,4,15,1
58,ctl,nowrds,1,2,3,4,5,4,2,1,1,1,5,15,1
59,ctl,wrds,4,5,5,5,5,5,3,2,3,3,5,15,1
60,ctl,nowrds,2,5,5,5,5,5,3,3,1,2,4,15,1
61,ctl,wrds,2,2,2,4,3,2,2,3,2,2,5,14,1
62,ctl,nowrds,2,1,1,1,1,1,1,1,1,1,3,16,2
63,ctl,wrds,3,3,1,3,2,2,1,1,1,1,5,15,2
64,ctl,nowrds,2,5,4,4,5,4,2,2,2,3,5,16,1
65,ctl,wrds,2,3,1,1,1,1,1,1,1,1,5,16,1
66,ctl,nowrds,2,3,3,3,3,3,4,4,4,4,4,16,1
67,ctl,wrds,2,3,3,3,3,3,3,3,3,3,3,15,1
68,ctl,nowrds,2,3,1,4,3,3,5,5,5,5,5,15,1
69,ctl,wrds,5,5,5,5,5,4,3,4,3,4,5,15,1
70,ctl,nowrds,3,2,2,4,2,2,1,1,1,1,5,16,2
71,ctl,wrds,2,3,3,3,3,3,2,4,2,3,3,15,1
72,ctl,nowrds,2,3,3,3,3,3,4,4,3,3,5,15,2
73,ctl,wrds,2,5,5,5,5,5,3,3,4,1,3,14,2
74,ctl,nowrds,6,5,5,5,5,5,3,1,1,1,5,15,1
75,ctl,wrds,4,3,2,4,4,3,5,3,3,2,4,15,1
76,ctl,nowrds,2,2,3,3,3,2,5,2,5,4,4,15,1
77,ctl,wrds,2,1,1,2,1,1,1,1,1,2,1,15,1
78,ctl,nowrds,2,1,1,1,1,1,5,1,5,1,5,13,1
79,ctl,wrds,2,3,3,4,3,3,2,2,2,2,4,12,2
80,ctl,nowrds,4,5,5,5,5,5,5,5,1,5,5,13,2
81,ctl,wrds,4,3,3,3,3,3,3,3,3,3,3,13,1
82,ctl,nowrds,1,1,1,1,1,1,3,2,1,1,3,13,2
83,ctl,wrds,4,5,5,5,5,5,3,3,3,3,4,13,2
84,ctl,nowrds,4,3,3,3,3,3,1,1,1,1,4,14,1
85,ctl,wrds,2,5,5,5,5,5,5,5,5,5,5,14,2
86,ctl,nowrds,2,4,3,5,3,3,4,4,3,3,4,14,1
87,ctl,wrds,4,5,5,5,5,5,5,5,5,3,5,14,2
88,ctl,nowrds,2,4,4,4,4,4,3,3,3,3,5,16,2
89,ctl,wrds,4,5,5,5,5,5,5,1,3,1,1,14,1
90,ctl,nowrds,4,3,3,3,4,4,5,3,3,3,5,14,1
91,ctl,wrds,3,3,3,3,3,3,2,5,1,1,5,13,1
92,ctl,nowrds,2,4,4,4,4,4,3,3,2,3,5,13,1
93,ctl,wrds,5,4,4,3,4,4,2,2,4,4,5,13,1
94,ctl,nowrds,2,3,2,5,3,3,3,1,2,2,4,13,2
95,ctl,wrds,2,4,5,5,5,5,4,5,5,5,3,14,2
96,ctl,nowrds,1,5,5,5,5,5,3,5,3,3,5,13,2
97,ctl,wrds,2,5,5,5,5,4,3,5,3,3,5,14,1
98,ctl,nowrds,5,1,1,1,1,1,1,1,1,1,5,14,2
99,ctl,wrds,4,5,5,5,5,5,5,5,5,5,5,13,1
100,ctl,nowrds,1,1,1,1,1,1,3,3,1,2,3,13,2
101,ctl,wrds,1,4,3,3,2,1,2,4,2,5,5,13,2
102,ctl,nowrds,4,1,1,4,4,4,5,5,1,5,3,13,2
103,ctl,wrds,2,4,4,4,4,4,2,2,2,2,5,14,1
104,ctl,nowrds,4,5,5,5,5,5,2,4,4,4,4,15,1
105,ctl,wrds,2,1,1,1,1,1,1,1,1,1,5,13,1
106,ctl,nowrds,1,3,3,3,3,3,2,2,3,2,2,14,2
107,ctl,wrds,5,3,3,3,3,3,4,4,3,4,4,14,2
108,ctl,nowrds,3,5,5,5,3,4,1,1,1,1,5,13,2
109,ctl,wrds,4,2,2,2,2,2,2,2,2,2,5,14,2
110,ctl,nowrds,3,4,4,4,3,4,2,4,2,5,5,13,1
111,ctl,wrds,2,3,3,4,4,4,3,3,3,3,3,14,1
112,ctl,nowrds,2,5,5,5,5,5,1,1,1,1,5,14,1
113,ctl,wrds,2,1,1,4,4,4,4,3,1,1,5,14,2
114,ctl,nowrds,2,3,4,4,4,4,2,3,4,4,4,14,1
115,ctl,wrds,2,4,3,4,4,4,4,4,4,4,4,15,1
116,ctl,nowrds,2,1,1,1,1,1,1,1,1,1,1,54,2
117,ctl,wrds,4,4,4,4,4,4,3,3,3,2,4,15,1
118,ctl,nowrds,5,4,3,4,4,2,3,4,4,3,4,17,1
119,ctl,wrds,2,4,4,4,4,4,4,4,4,4,5,14,1
120,ctl,nowrds,2,2,2,2,3,3,4,4,3,4,4,15,2
121,ctl,wrds,5,3,3,3,3,3,4,3,3,3,4,14,1
122,ctl,nowrds,2,3,3,4,3,4,4,4,1,4,4,15,1
123,ctl,wrds,2,2,2,3,2,2,2,3,2,2,3,14,1
124,ctl,nowrds,2,4,4,4,4,3,2,2,2,2,4,15,1
125,ctl,wrds,2,2,2,4,2,3,2,2,2,2,4,15,1
126,ctl,nowrds,4,4,3,5,3,4,4,2,3,3,5,15,1
127,ctl,wrds,2,4,4,4,4,4,4,4,4,4,4,15,1
128,ctl,nowrds,2,2,2,2,2,2,2,2,2,2,4,14,1
129,ctl,wrds,2,4,4,4,5,4,2,1,1,1,5,15,1
130,ctl,nowrds,4,1,1,2,1,1,1,2,4,1,5,15,2
131,ctl,wrds,2,4,4,4,5,4,3,3,3,3,5,15,2
132,ctl,nowrds,3,3,3,3,3,3,2,2,2,2,4,14,2
133,ctl,wrds,2,4,4,4,4,4,1,1,1,1,4,15,1
134,ctl,nowrds,3,5,5,5,5,5,3,3,2,2,5,15,2
135,ctl,wrds,2,2,2,2,2,2,4,4,4,3,4,15,2
136,ctl,nowrds,2,2,2,2,2,2,4,5,5,5,5,14,2
137,ctl,wrds,2,3,3,3,3,3,3,3,3,3,4,15,1
138,ctl,nowrds,5,3,3,3,3,3,2,4,3,3,5,14,2
139,ctl,wrds,3,3,4,4,4,2,3,3,2,2,3,15,1
140,ctl,nowrds,2,5,5,5,5,5,5,5,5,5,5,15,2
141,ctl,wrds,1,2,3,4,3,3,3,1,1,1,4,15,1
142,ctl,nowrds,4,4,4,4,4,3,4,5,4,4,2,15,2
143,ctl,wrds,2,4,3,3,3,3,2,2,2,2,4,15,2
144,ctl,nowrds,2,5,5,5,5,5,1,2,1,2,5,15,2
145,ctl,wrds,2,3,3,4,3,3,4,4,3,4,4,14,2
146,ctl,nowrds,2,3,3,3,3,3,2,4,3,4,4,15,2
147,ctl,wrds,2,4,3,4,3,3,2,4,3,4,4,15,2
148,ctl,nowrds,3,4,4,5,3,5,1,1,1,1,5,15,2
149,ctl,wrds,2,4,4,3,4,3,3,3,2,3,5,15,2
150,ctl,nowrds,4,5,3,5,5,5,1,3,1,2,5,15,2
151,ctl,wrds,2,4,3,4,4,4,2,3,3,2,4,15,2
152,ctl,nowrds,2,4,2,4,4,4,1,1,1,1,4,13,1
153,ctl,wrds,1,3,3,3,3,3,3,3,3,3,3,13,2
154,ctl,nowrds,4,4,4,4,4,4,3,3,3,3,4,14,2
155,ctl,wrds,2,1,1,1,1,1,1,1,1,1,3,15,1
156,ctl,nowrds,2,3,3,3,3,3,4,4,4,4,3,14,1
157,ctl,wrds,1,1,1,1,1,1,1,1,1,1,1,14,1
158,ctl,nowrds,2,3,3,3,3,3,3,3,3,3,3,13,2
159,ctl,wrds,2,5,2,5,5,3,4,4,5,3,4,14,1
160,ctl,nowrds,3,3,4,2,3,4,2,4,4,2,1,13,2
161,ctl,wrds,4,2,2,3,2,2,3,3,2,2,3,14,2
162,ctl,nowrds,1,3,3,3,3,3,1,1,1,1,3,13,2
163,ctl,wrds,2,2,1,2,1,1,1,1,1,1,4,13,2
164,ctl,nowrds,2,2,2,4,2,3,1,1,1,1,5,14,1
165,ctl,wrds,1,3,1,1,2,2,2,2,2,2,3,14,2
166,ctl,nowrds,3,4,3,4,4,4,1,1,1,1,4,13,1
167,ctl,wrds,1,2,2,3,3,3,3,3,3,3,3,14,1
168,ctl,nowrds,3,3,3,3,3,3,2,2,2,2,4,15,2
169,ctl,wrds,2,3,3,3,3,3,2,1,2,2,3,14,1
170,ctl,nowrds,2,4,4,4,3,3,1,5,3,3,5,13,1
171,ctl,wrds,3,3,3,4,4,3,3,2,2,2,3,14,2
172,ctl,nowrds,3,4,4,4,4,4,4,1,4,5,3,13,2
173,ctl,wrds,2,3,3,5,1,3,3,4,3,3,5,14,2
174,ctl,nowrds,1,3,2,3,3,2,2,3,2,4,3,13,2
175,ctl,wrds,2,1,1,1,1,1,5,5,3,3,5,13,1
176,ctl,nowrds,3,4,4,5,5,5,5,5,5,5,5,13,1
177,ctl,wrds,2,4,4,4,4,4,4,4,4,4,4,13,2
178,ctl,nowrds,4,3,3,3,3,3,2,2,2,2,3,14,1
179,ctl,wrds,1,1,3,1,1,1,3,3,3,3,3,14,1
180,ctl,nowrds,3,4,4,4,4,2,3,3,3,3,4,17,1
181,ctl,wrds,2,3,3,3,3,3,3,3,3,3,3,14,1
182,ctl,nowrds,6,3,3,5,3,3,4,5,4,4,3,15,1
183,ctl,wrds,2,5,4,4,5,5,4,5,4,5,4,15,2
184,ctl,nowrds,4,4,4,4,4,4,3,3,3,3,5,13,1
185,ctl,wrds,4,3,3,4,4,4,2,4,3,3,4,14,1
186,ctl,nowrds,2,4,4,4,3,4,2,4,3,4,4,13,2
187,ctl,wrds,5,1,1,1,1,1,1,1,1,1,5,14,2
188,ctl,nowrds,1,5,2,5,2,2,5,5,5,5,3,14,1
189,ctl,wrds,5,5,5,5,5,5,3,4,3,3,5,14,1
190,ctl,nowrds,1,3,3,3,3,3,3,3,3,3,3,13,1
191,ctl,wrds,2,1,1,1,1,1,3,1,3,3,5,14,1
192,ctl,nowrds,6,5,5,5,5,5,1,1,1,1,5,13,1
193,ctl,wrds,1,4,4,4,4,3,4,4,3,3,3,14,1
194,ctl,nowrds,6,5,5,5,5,5,3,4,4,2,5,15,1
195,ctl,wrds,1,3,3,3,3,3,2,2,3,3,3,13,1
196,ctl,nowrds,2,1,1,3,1,1,1,1,1,1,3,14,2
197,ctl,wrds,2,3,3,3,3,3,3,3,3,3,3,13,1
198,ctl,nowrds,2,4,2,2,2,2,4,4,2,2,4,14,2
199,ctl,wrds,5,2,2,3,3,3,3,3,1,3,3,13,1
200,ctl,nowrds,1,3,3,3,5,5,4,3,4,3,5,14,1
201,ctl,wrds,1,3,4,5,5,5,2,5,3,5,3,13,2
202,ctl,nowrds,2,4,4,3,5,3,4,3,2,3,3,13,1
203,ctl,wrds,2,4,3,4,4,4,2,2,2,2,4,13,1
204,ctl,nowrds,2,5,3,3,4,5,1,1,1,1,5,14,1
205,ctl,wrds,2,4,2,5,5,4,5,4,4,4,4,13,2
206,ctl,nowrds,4,3,3,3,3,3,4,3,3,3,3,13,2
207,ctl,wrds,2,4,4,4,4,4,4,3,3,2,4,14,2
208,ctl,nowrds,2,4,3,4,4,3,4,3,2,2,5,13,2
209,ctl,wrds,2,3,3,3,3,4,3,4,3,3,4,13,2
210,ctl,nowrds,2,5,3,3,5,5,5,5,5,5,5,13,1
211,ctl,wrds,2,4,4,4,4,3,3,3,4,3,4,13,2
212,ctl,nowrds,2,5,4,4,4,4,4,4,4,4,3,13,2
213,ctl,wrds,4,3,3,3,3,3,2,2,2,2,4,14,1
214,ctl,nowrds,2,4,3,3,4,4,1,1,1,1,5,14,1
215,ctl,wrds,2,3,3,5,3,3,3,3,2,3,3,13,2
216,ctl,nowrds,2,4,3,5,3,3,4,4,3,3,5,13,2
217,ctl,wrds,3,1,1,1,1,1,4,5,2,2,3,14,1
218,ctl,nowrds,1,3,4,4,4,4,2,3,3,3,4,14,2
219,ctl,wrds,2,4,4,4,4,4,2,3,3,2,3,14,2
220,ctl,nowrds,1,3,3,4,3,3,1,2,1,1,4,13,2
221,ctl,wrds,4,5,4,5,4,5,3,5,5,4,5,13,2
222,ctl,nowrds,3,5,5,5,5,5,2,3,3,2,5,13,2
223,ctl,wrds,6,5,5,5,5,5,5,5,5,5,5,15,1
224,ctl,nowrds,3,1,1,2,1,1,1,1,1,1,5,14,2
225,ctl,wrds,5,4,4,3,4,3,5,2,2,1,5,14,2
226,ctl,nowrds,3,3,3,3,3,3,4,4,4,4,4,14,2
227,ctl,wrds,1,3,3,4,1,3,2,2,2,2,1,13,2
228,ctl,nowrds,2,2,2,2,2,2,2,2,2,2,3,13,1
229,ctl,wrds,3,4,4,4,4,3,4,3,3,3,5,13,2
230,ctl,nowrds,2,4,3,4,4,4,2,3,2,2,5,14,2
231,ctl,wrds,2,5,2,5,5,5,5,5,5,5,5,13,2
232,ctl,nowrds,2,3,3,2,3,3,4,4,4,4,4,14,2
233,ctl,wrds,2,2,2,3,3,3,3,2,2,2,4,13,2
234,ctl,nowrds,2,4,3,3,3,5,4,3,3,3,4,13,2
235,ctl,wrds,1,4,4,4,4,4,1,3,3,3,5,13,2
236,ctl,nowrds,2,2,2,4,4,3,4,2,3,2,4,14,1
237,ctl,wrds,2,4,4,4,4,2,2,4,2,4,3,13,2
238,ctl,nowrds,4,5,5,5,5,5,5,5,4,4,5,13,2
239,ctl,wrds,1,1,1,1,1,1,2,2,2,2,5,14,2
240,ctl,nowrds,4,5,5,5,5,5,4,5,3,3,5,14,1
241,ctl,wrds,5,4,4,3,5,5,3,4,2,2,5,13,2
242,ctl,nowrds,4,4,4,5,5,4,3,5,4,4,5,14,2
243,ctl,wrds,2,4,3,4,4,4,3,3,3,3,4,14,2
244,ctl,nowrds,2,2,1,4,3,2,1,1,1,1,5,14,2
245,ctl,wrds,2,2,2,2,2,2,3,3,3,3,4,14,1
246,ctl,nowrds,2,3,3,4,4,4,1,2,2,1,3,13,2
247,ctl,wrds,2,3,3,4,4,4,5,5,5,5,5,14,1
248,ctl,nowrds,2,5,5,5,5,5,1,1,1,1,5,14,2
249,ctl,wrds,3,4,4,4,4,3,5,2,3,3,4,14,2
250,ctl,nowrds,2,5,4,5,5,4,4,5,4,5,5,13,2
251,ctl,wrds,2,1,1,1,1,1,1,1,1,1,5,14,1
252,ctl,nowrds,2,5,4,4,4,4,3,4,5,3,4,13,2
253,ctl,wrds,2,3,3,4,3,3,3,3,3,3,4,14,2
254,ctl,nowrds,3,4,4,4,4,4,3,4,2,3,5,13,2
255,ctl,wrds,2,4,3,2,5,4,5,2,5,5,5,14,2
256,ctl,nowrds,2,1,1,1,1,1,1,1,1,1,5,13,1
257,ctl,wrds,3,5,4,4,4,4,3,4,4,3,5,14,2
258,ctl,nowrds,3,5,5,5,5,3,5,5,5,5,5,14,2
259,ctl,wrds,4,3,4,4,4,4,3,4,4,4,5,13,2
260,ctl,nowrds,3,4,5,4,5,5,1,1,1,1,5,14,2
261,ctl,wrds,1,5,4,5,5,4,5,5,5,5,5,12,2
262,ctl,nowrds,2,3,2,4,1,1,1,1,2,1,3,14,2
263,ctl,wrds,2,4,3,4,4,4,2,3,2,2,4,14,2
264,ctl,nowrds,4,2,2,3,2,2,2,2,3,3,3,14,2
265,ctl,wrds,2,5,4,5,5,5,1,1,1,1,5,13,2
266,ctl,nowrds,3,3,3,3,4,3,3,3,3,3,5,13,2
267,ctl,wrds,2,3,3,3,3,3,4,3,3,3,4,14,2
268,ctl,nowrds,5,1,1,2,1,5,3,2,3,4,5,13,1
269,ctl,wrds,4,3,3,3,3,3,3,1,3,3,5,13,2
270,ctl,nowrds,4,3,5,5,4,5,5,4,5,4,5,13,2
271,ctl,wrds,2,2,2,2,2,2,3,2,3,3,4,14,2
272,ctl,nowrds,2,2,2,2,2,2,4,5,5,5,5,14,2
273,ctl,wrds,2,2,2,4,3,4,5,5,5,5,4,13,1
274,ctl,nowrds,1,5,5,5,2,4,3,2,2,2,5,14,1
275,ctl,wrds,3,4,4,4,3,3,5,5,5,5,4,14,1
276,ctl,nowrds,2,4,4,5,4,4,3,2,1,2,5,14,2
277,ctl,wrds,2,2,3,3,2,2,3,3,1,3,4,13,1
278,ctl,nowrds,3,1,1,1,1,1,5,5,5,5,4,13,2
279,ctl,wrds,2,5,5,5,5,5,5,5,5,5,5,13,2
280,ctl,nowrds,2,4,3,4,4,2,3,2,2,2,5,14,2
281,ctl,wrds,3,3,3,4,4,5,4,4,3,2,4,14,2
282,ctl,nowrds,2,5,5,5,5,5,3,4,3,3,5,14,1
283,ctl,wrds,2,4,3,4,4,4,4,3,2,3,3,14,2
284,ctl,nowrds,4,5,4,5,5,5,5,1,1,1,4,13,2
285,ctl,wrds,3,5,4,5,5,5,3,2,3,3,5,14,2
286,ctl,nowrds,2,4,4,5,5,4,5,3,4,3,5,14,2
287,ctl,wrds,1,2,2,2,2,2,4,4,2,4,4,13,1
288,ctl,nowrds,2,3,3,3,4,4,3,3,3,3,5,14,2
289,ctl,wrds,4,2,1,3,4,3,1,1,1,1,5,14,2
290,ctl,nowrds,2,3,2,4,3,3,5,4,5,4,5,14,1
291,ctl,wrds,3,5,5,5,5,5,4,4,3,4,5,13,1
292,ctl,nowrds,3,3,3,3,3,3,1,1,1,1,5,13,1
293,ctl,wrds,2,4,4,4,4,4,5,5,5,5,5,15,2
294,ctl,nowrds,4,4,4,4,4,4,5,5,5,5,5,14,1
295,ctl,wrds,3,5,4,4,5,5,5,5,5,5,5,14,1
296,ctl,nowrds,3,4,3,4,4,3,4,3,3,3,4,13,2
297,ctl,wrds,5,3,3,4,4,4,3,3,3,3,4,14,1
298,ctl,nowrds,6,4,4,5,4,4,5,4,4,3,5,14,2
299,ctl,wrds,2,4,3,3,4,3,3,3,2,2,5,14,1
300,ctl,nowrds,2,4,3,4,4,4,4,2,2,2,4,14,2
301,ctl,wrds,4,4,2,4,3,4,5,5,5,5,5,14,2
302,ctl,nowrds,2,4,4,4,3,4,3,5,4,4,5,14,2
303,ctl,wrds,2,5,3,4,5,5,1,1,1,1,5,15,1
304,ctl,nowrds,2,3,3,4,3,3,3,3,2,2,4,13,2
305,ctl,wrds,2,4,3,5,5,5,3,3,3,3,4,13,2
306,ctl,nowrds,4,5,5,5,5,4,4,4,4,3,5,14,1
307,ctl,wrds,3,3,3,4,4,4,2,3,2,3,5,15,2
308,ctl,nowrds,2,4,4,5,4,5,3,3,3,3,5,14,2
309,ctl,wrds,3,3,3,3,3,3,4,4,4,4,4,14,2
310,ctl,nowrds,2,4,3,4,3,4,4,3,3,3,4,14,2
311,ctl,wrds,2,3,3,3,4,4,4,4,3,3,5,14,1
312,ctl,nowrds,2,4,4,4,4,4,4,4,4,3,5,13,2
313,ctl,wrds,2,4,4,2,2,2,5,5,4,4,4,13,1
314,ctl,nowrds,1,2,2,5,5,5,2,4,2,2,5,13,2
315,ctl,wrds,4,4,2,3,3,4,4,4,4,2,4,13,1
316,ctl,nowrds,5,3,2,2,4,4,5,5,5,5,5,14,2
317,ctl,wrds,1,3,3,3,3,3,4,2,2,2,5,14,1
318,ctl,nowrds,2,4,4,5,4,3,3,4,3,4,5,13,1
319,ctl,wrds,3,4,3,4,4,3,2,2,2,2,2,13,1
320,ctl,nowrds,3,4,4,4,4,4,4,4,4,4,4,14,1
321,ctl,wrds,2,3,2,2,2,4,2,2,2,2,4,14,1
322,ctl,nowrds,4,4,3,4,4,4,4,4,4,4,5,14,1
323,ctl,wrds,2,4,5,4,3,3,5,1,2,3,5,14,1
324,ctl,nowrds,2,3,3,3,3,3,2,2,1,2,4,13,2
325,ctl,wrds,2,5,3,4,5,4,4,4,4,4,4,13,2
326,ctl,nowrds,4,4,4,4,3,3,5,5,4,5,4,14,2
327,ctl,wrds,2,4,4,5,4,4,4,3,2,2,5,14,1
328,ctl,nowrds,2,3,3,4,3,3,3,4,3,3,5,14,2
329,ctl,wrds,2,3,2,3,2,3,3,3,1,1,5,14,2
330,ctl,nowrds,2,4,4,4,4,4,5,4,4,4,5,14,1
331,ctl,wrds,2,2,3,4,4,3,1,1,1,1,4,14,2
332,ctl,nowrds,4,4,3,4,4,4,1,3,2,2,4,14,2
333,ctl,wrds,3,3,3,4,3,3,3,3,3,3,4,13,2
334,ctl,nowrds,2,5,3,3,5,3,5,4,1,5,4,14,2
335,ctl,wrds,2,4,3,4,3,3,2,3,2,2,4,13,2
336,ctl,nowrds,3,5,5,5,5,5,5,5,3,4,5,13,2
337,ctl,wrds,4,4,3,5,4,4,5,2,4,2,4,13,1
338,ctl,nowrds,4,5,5,5,5,3,1,2,1,1,5,14,2
339,ctl,wrds,3,3,3,3,3,3,3,3,3,3,5,13,2
340,ctl,nowrds,4,3,3,3,3,3,4,5,5,4,5,14,2
341,ctl,wrds,3,5,4,5,5,4,4,3,3,3,5,14,2
342,ctl,nowrds,2,4,4,4,4,4,3,3,3,3,4,13,2
343,ctl,wrds,2,3,5,5,5,4,5,5,1,5,4,14,1
344,ctl,nowrds,4,5,4,5,5,4,3,2,2,2,5,13,1
345,ctl,wrds,2,4,2,4,4,4,4,4,3,3,5,13,1
346,ctl,nowrds,4,1,1,2,2,2,1,2,1,1,5,14,1
347,celeb,wrds,1,1,1,2,1,1,5,3,1,2,4,14,1
348,celeb,nowrds,2,4,4,4,3,2,5,4,4,4,5,14,1
349,celeb,wrds,4,5,5,5,5,5,5,5,3,5,5,13,2
350,celeb,nowrds,2,4,2,2,2,2,5,3,3,2,4,14,2
351,celeb,wrds,2,2,4,4,4,4,2,2,2,2,4,14,2
352,celeb,nowrds,2,4,3,3,3,3,3,5,4,4,4,13,2
353,celeb,wrds,2,2,1,3,4,2,4,2,3,4,5,13,2
354,celeb,nowrds,3,4,4,4,4,4,4,4,3,4,5,13,2
355,celeb,wrds,2,2,2,2,4,4,4,3,2,2,4,14,2
356,celeb,nowrds,2,5,4,5,5,3,5,1,1,1,5,14,1
357,celeb,wrds,2,2,2,2,2,2,4,4,4,4,4,14,2
358,celeb,nowrds,2,4,3,4,3,4,4,4,4,3,4,13,2
359,celeb,wrds,3,4,3,4,3,3,2,1,2,3,4,14,2
360,celeb,nowrds,2,2,2,4,4,4,2,2,1,1,3,13,1
361,celeb,wrds,2,2,1,4,4,4,5,2,5,4,5,14,2
362,celeb,nowrds,2,2,2,2,3,4,4,4,2,2,5,13,1
363,celeb,wrds,2,2,2,4,4,4,4,4,3,4,5,13,2
364,celeb,nowrds,3,4,4,4,4,4,4,4,2,4,4,13,1
365,celeb,wrds,2,5,5,5,5,5,4,4,4,4,5,13,2
366,celeb,nowrds,1,4,2,3,3,3,3,2,1,1,5,13,2
367,celeb,wrds,4,5,4,4,5,4,5,4,5,4,5,14,1
368,celeb,nowrds,2,3,4,4,4,3,3,3,2,2,5,15,2
369,celeb,wrds,2,2,2,2,2,2,1,1,1,1,5,14,1
370,celeb,nowrds,3,4,3,4,4,4,3,4,3,3,5,14,1
371,celeb,wrds,2,2,2,2,2,2,4,2,4,2,4,14,1
372,celeb,nowrds,1,1,1,4,4,2,3,2,3,3,4,13,2
373,celeb,wrds,2,4,4,5,5,5,4,4,4,4,2,14,2
374,celeb,nowrds,2,4,4,5,5,4,3,2,2,3,4,13,2
375,celeb,wrds,2,5,4,5,4,5,5,4,5,4,5,14,1
376,celeb,nowrds,6,4,3,4,3,4,4,4,3,3,5,14,2
377,celeb,wrds,2,2,2,2,1,2,2,3,4,3,3,14,1
378,celeb,nowrds,4,4,4,4,4,4,1,1,1,1,5,13,1
379,celeb,wrds,2,1,1,1,1,1,1,1,1,1,4,13,1
380,celeb,nowrds,2,4,4,4,4,4,5,4,4,4,5,13,1
381,celeb,wrds,3,3,3,3,3,3,4,4,4,4,4,12,2
382,celeb,nowrds,2,5,3,4,5,5,5,5,5,5,5,13,2
383,celeb,wrds,2,3,4,5,4,4,4,5,5,5,5,13,1
384,celeb,nowrds,3,1,1,1,1,1,5,5,5,5,3,12,1
385,celeb,wrds,4,5,5,5,5,5,3,3,3,3,5,12,1
386,celeb,nowrds,2,5,5,5,5,5,2,2,1,3,3,12,1
387,celeb,wrds,2,4,1,4,4,1,4,4,2,3,4,13,2
388,celeb,nowrds,2,1,1,1,1,1,1,1,1,1,5,13,2
389,celeb,wrds,3,1,1,4,3,3,3,3,3,3,4,13,2
390,celeb,nowrds,4,4,4,4,4,3,4,4,3,3,5,13,2
391,celeb,wrds,3,4,4,4,4,4,3,3,3,3,4,12,2
392,celeb,nowrds,3,5,5,5,5,5,4,4,3,4,5,13,2
393,celeb,wrds,2,3,3,4,3,3,2,2,2,2,5,13,2
394,celeb,nowrds,3,1,1,1,1,1,2,1,1,1,5,12,2
395,celeb,wrds,1,5,5,5,4,5,1,1,3,3,3,12,2
396,celeb,nowrds,3,3,3,4,3,3,2,2,2,2,5,13,1
397,celeb,wrds,2,4,3,4,3,3,4,3,3,3,4,13,2
398,celeb,nowrds,4,3,3,4,4,4,5,5,5,5,4,13,2
399,celeb,wrds,4,4,4,4,4,2,2,5,5,5,3,12,1
400,celeb,nowrds,4,5,3,5,4,5,1,2,2,3,5,13,2
401,celeb,wrds,4,3,3,3,3,3,1,1,1,1,3,13,1
402,celeb,nowrds,1,5,5,5,5,5,5,5,5,5,5,12,2
403,celeb,wrds,4,4,4,4,4,4,3,2,2,2,4,12,2
404,celeb,nowrds,2,2,2,3,2,3,3,4,3,4,3,13,2
405,celeb,wrds,3,3,3,3,3,3,1,1,1,1,5,13,1
406,celeb,nowrds,2,3,3,3,3,3,3,3,3,3,4,13,2
407,celeb,wrds,2,3,3,3,3,3,4,3,2,2,2,12,2
408,celeb,nowrds,3,2,2,4,2,2,4,4,3,3,5,12,1
409,celeb,wrds,3,3,3,4,4,4,2,2,2,2,5,13,2
410,celeb,nowrds,5,3,3,4,4,5,4,4,4,4,5,12,2
411,celeb,wrds,2,3,1,4,2,2,3,3,1,1,5,12,1
412,celeb,nowrds,1,4,4,4,4,4,1,1,1,1,5,12,1
413,celeb,wrds,1,5,5,5,5,5,5,5,5,5,5,12,1
414,celeb,nowrds,4,1,1,1,1,1,4,3,5,3,5,12,1
415,celeb,wrds,2,2,2,4,4,3,3,3,3,3,3,12,1
416,celeb,nowrds,4,1,1,3,3,3,1,1,1,1,5,12,2
417,celeb,wrds,4,2,2,4,4,3,1,1,1,1,5,12,2
418,celeb,nowrds,4,5,5,5,5,5,2,2,2,2,5,13,1
419,celeb,wrds,4,3,3,5,2,3,3,3,3,3,5,13,2
420,celeb,nowrds,1,3,3,4,3,3,4,3,4,4,3,13,1
421,celeb,wrds,3,1,1,3,2,2,4,3,2,2,5,12,2
422,celeb,nowrds,2,4,4,4,4,5,3,3,2,3,4,13,2
423,celeb,wrds,2,2,4,2,4,4,2,4,4,4,4,13,1
424,celeb,nowrds,2,3,4,3,3,4,3,3,2,2,5,13,1
425,celeb,wrds,4,2,4,5,5,5,2,5,3,2,5,13,1
426,celeb,nowrds,2,3,3,3,3,3,3,3,3,3,5,13,2
427,celeb,wrds,2,3,3,4,4,4,4,3,3,3,5,13,2
428,celeb,nowrds,2,3,3,3,3,3,2,4,2,3,4,13,2
429,celeb,wrds,6,4,4,4,4,4,3,3,3,3,5,13,2
430,celeb,nowrds,4,4,4,5,4,4,4,4,4,4,4,12,2
431,celeb,wrds,1,2,2,3,2,2,1,1,1,1,3,12,2
432,celeb,nowrds,3,3,3,3,3,3,5,5,5,5,5,13,2
433,celeb,wrds,2,3,3,3,3,3,2,1,1,1,3,12,2
434,celeb,nowrds,2,4,4,4,4,4,3,4,3,4,4,12,2
435,celeb,wrds,2,3,2,3,2,3,5,3,2,2,5,13,2
436,celeb,nowrds,2,4,3,4,3,3,3,5,5,5,5,12,1
437,celeb,wrds,1,2,2,3,3,3,2,3,2,3,3,13,1
438,celeb,nowrds,1,2,2,4,2,2,3,3,3,3,5,13,2
439,celeb,wrds,2,2,2,2,2,2,5,5,4,4,5,12,2
440,celeb,nowrds,3,4,3,4,3,4,3,2,2,3,4,12,2
441,celeb,wrds,2,3,2,2,3,2,3,3,3,3,3,13,2
442,celeb,nowrds,4,3,2,5,4,4,5,4,4,5,5,13,2
443,celeb,wrds,5,3,4,4,4,3,3,3,3,4,5,13,1
444,celeb,nowrds,2,4,4,4,4,4,4,4,4,4,4,13,1
445,celeb,wrds,3,3,3,3,3,3,3,3,3,3,5,12,2
446,celeb,nowrds,2,3,2,5,4,4,4,4,3,3,4,13,1
447,celeb,wrds,2,4,4,4,4,4,5,5,5,5,5,12,2
448,celeb,nowrds,2,3,3,4,4,4,3,5,2,2,5,13,1
449,celeb,wrds,2,5,4,4,4,5,4,4,4,3,5,12,1
450,celeb,nowrds,1,4,2,4,3,3,2,4,4,5,5,12,1
451,celeb,wrds,3,4,4,4,4,4,5,5,5,5,5,12,1
452,celeb,nowrds,2,2,1,2,1,2,3,4,2,3,3,13,1
453,celeb,wrds,2,4,3,5,4,5,5,5,5,5,5,12,1
454,celeb,nowrds,2,2,1,3,2,3,5,5,4,5,5,13,1
455,celeb,wrds,3,4,2,5,5,3,2,5,5,5,5,12,1
456,celeb,nowrds,4,3,2,4,3,3,3,3,3,3,4,13,2
457,celeb,wrds,1,3,5,5,5,1,1,1,1,1,4,13,1
458,celeb,nowrds,2,1,1,1,1,1,1,1,1,1,5,12,2
459,celeb,wrds,3,3,1,5,3,3,5,5,5,5,5,12,2
460,celeb,nowrds,6,4,4,5,5,4,5,5,3,4,5,13,2
461,celeb,wrds,3,4,3,4,3,3,5,5,3,5,5,13,2
462,celeb,nowrds,3,5,5,5,5,5,4,4,4,4,5,13,2
463,celeb,wrds,2,2,2,5,2,2,4,5,2,5,4,12,2
464,celeb,nowrds,5,5,5,5,5,3,1,3,1,2,5,12,2
465,celeb,wrds,1,3,2,4,4,3,2,2,1,2,5,12,1
466,celeb,nowrds,2,2,2,2,2,2,5,5,5,5,5,13,2
467,celeb,wrds,2,3,3,5,3,4,4,4,3,4,4,12,2
468,celeb,nowrds,4,5,4,5,5,5,4,4,4,4,5,13,2
469,celeb,wrds,2,4,4,4,4,4,3,3,4,4,5,12,2
470,celeb,nowrds,2,3,3,4,4,4,4,4,4,4,5,12,2
471,celeb,wrds,4,4,4,4,4,4,4,5,3,4,5,12,2
472,celeb,nowrds,1,3,3,5,3,4,2,2,2,2,5,13,1
473,celeb,wrds,1,4,4,4,4,4,4,3,2,3,4,13,2
474,celeb,nowrds,2,4,4,4,4,4,4,4,4,4,3,13,2
475,celeb,wrds,4,4,3,5,4,4,3,4,3,4,5,13,1
476,celeb,nowrds,4,3,3,5,3,3,3,5,5,5,5,13,2
477,celeb,wrds,2,2,2,2,2,2,3,3,2,2,3,15,2
478,celeb,nowrds,3,5,4,4,5,4,4,4,4,5,4,13,2
479,celeb,wrds,1,2,1,3,2,2,3,4,3,3,4,13,2
480,celeb,nowrds,4,4,4,5,4,5,3,4,5,4,4,12,2
481,celeb,wrds,2,3,2,4,4,4,3,2,2,2,5,12,2
482,celeb,nowrds,4,4,4,4,4,4,4,4,3,4,5,12,2
483,celeb,wrds,3,5,3,4,3,2,4,4,2,3,5,12,2
484,celeb,nowrds,3,5,4,4,5,5,5,4,5,4,5,13,1
485,celeb,wrds,5,4,2,5,4,5,5,3,2,2,5,12,2
486,celeb,nowrds,2,3,2,4,4,4,2,5,2,5,5,12,1
487,celeb,wrds,3,1,1,2,1,1,1,1,1,1,4,13,1
488,celeb,nowrds,2,3,3,3,3,3,3,3,3,3,3,12,1
489,celeb,wrds,2,3,3,3,3,3,5,5,5,5,3,13,1
490,celeb,nowrds,3,3,3,3,3,3,4,4,4,4,4,13,1
491,celeb,wrds,2,3,3,3,3,3,1,1,1,1,5,13,2
492,celeb,nowrds,3,3,1,4,3,3,3,4,3,3,3,12,1
493,celeb,wrds,5,1,1,3,2,5,3,2,3,1,5,12,1
494,celeb,nowrds,2,3,3,3,3,3,5,5,5,5,3,13,2
495,celeb,wrds,2,2,4,3,3,4,2,2,2,2,4,13,1
496,celeb,nowrds,1,2,2,2,2,2,5,5,5,4,5,13,1
497,celeb,wrds,4,3,3,4,2,3,3,3,4,4,4,14,1
498,celeb,nowrds,6,4,5,4,4,3,5,4,3,3,3,12,2
499,celeb,wrds,3,4,4,5,5,5,5,5,5,5,5,12,1
500,celeb,nowrds,3,5,5,5,5,3,5,5,5,5,5,13,1
501,celeb,wrds,4,2,2,2,2,2,2,2,2,2,5,13,1
502,celeb,nowrds,2,1,1,1,1,1,1,1,1,1,1,13,2
503,celeb,wrds,2,2,1,3,4,3,1,2,2,1,5,13,2
504,celeb,nowrds,2,3,3,3,3,3,5,5,5,5,3,12,2
505,celeb,wrds,2,3,3,4,3,3,2,2,1,1,4,13,1
506,celeb,nowrds,3,4,4,4,4,4,4,2,4,2,2,13,1
507,celeb,wrds,2,2,2,4,4,4,2,2,2,2,5,13,2
508,celeb,nowrds,2,4,4,4,4,3,3,4,3,4,4,12,1
509,celeb,wrds,1,2,2,4,3,2,2,4,4,2,4,14,1
510,celeb,nowrds,2,2,2,4,2,2,2,2,2,2,5,13,2
511,celeb,wrds,2,2,2,3,3,2,4,5,4,4,3,12,2
512,celeb,nowrds,3,3,2,3,4,3,4,3,3,3,3,13,2
513,celeb,wrds,4,4,4,4,4,4,4,3,2,4,5,13,2
514,celeb,nowrds,2,1,1,3,1,1,4,3,3,3,4,15,1
515,celeb,wrds,5,3,3,3,3,3,3,3,2,3,4,13,1
516,celeb,nowrds,2,4,4,4,4,4,5,4,5,5,5,12,1
517,celeb,wrds,1,1,1,3,2,4,4,3,1,3,1,12,1
518,celeb,nowrds,2,3,3,4,3,3,5,3,3,3,5,13,1
519,celeb,wrds,2,3,4,4,4,3,5,5,4,4,4,13,2
520,celeb,nowrds,3,4,1,4,3,4,1,1,1,1,4,12,1
521,celeb,wrds,2,5,5,4,5,5,4,5,4,4,5,13,2
522,celeb,nowrds,2,4,4,4,4,4,3,3,2,2,5,13,1
523,celeb,wrds,2,4,4,4,4,3,5,5,5,5,4,12,1
524,celeb,nowrds,4,4,4,4,4,4,4,3,3,3,3,12,2
525,celeb,wrds,4,2,2,3,2,2,2,2,2,2,5,14,2
526,celeb,nowrds,2,3,3,3,3,1,2,1,1,1,5,13,2
527,celeb,wrds,1,5,4,5,5,4,5,5,5,5,5,12,1
528,celeb,nowrds,2,4,3,5,4,4,2,2,2,2,4,13,2
529,celeb,wrds,4,5,1,5,5,5,5,5,5,5,5,12,1
530,celeb,nowrds,6,5,5,4,3,3,5,5,2,3,4,13,1
531,celeb,wrds,4,4,3,3,3,3,5,5,5,5,5,11,1
532,celeb,nowrds,2,5,5,5,5,5,4,5,5,5,5,11,2
533,celeb,wrds,2,3,2,3,3,3,3,3,4,3,4,11,1
534,celeb,nowrds,2,3,2,3,3,4,3,4,3,3,3,10,2
535,celeb,wrds,2,1,1,2,1,4,5,5,1,5,1,11,1
536,celeb,nowrds,3,5,2,3,3,4,5,4,5,4,5,10,2
537,celeb,wrds,2,4,3,4,4,4,2,2,3,2,2,10,2
538,celeb,nowrds,2,5,5,4,5,5,5,5,5,4,5,11,1
539,celeb,wrds,2,4,3,3,3,3,3,5,3,3,3,11,2
540,celeb,nowrds,2,3,3,3,3,3,3,3,3,3,3,12,1
541,celeb,wrds,1,2,2,2,2,2,2,2,2,2,3,11,2
542,celeb,nowrds,2,3,3,3,3,3,3,3,3,3,2,10,1
543,celeb,wrds,4,5,5,5,5,5,3,5,5,5,5,11,2
544,celeb,nowrds,3,5,5,5,5,5,5,5,5,5,5,10,1
545,celeb,wrds,2,2,2,2,2,2,2,2,2,2,5,11,2
546,celeb,nowrds,2,3,3,3,3,3,3,4,2,3,4,11,2
547,celeb,wrds,2,3,3,3,3,3,5,4,4,4,3,12,1
548,celeb,nowrds,2,3,3,4,3,4,4,5,5,5,4,11,1
549,celeb,wrds,2,3,4,4,4,4,5,4,5,5,4,10,1
550,celeb,nowrds,1,1,1,1,1,1,3,3,3,3,1,10,1
551,celeb,wrds,1,2,2,4,4,2,3,4,5,5,5,10,1
552,celeb,nowrds,2,5,5,5,5,5,5,5,5,5,5,11,2
553,celeb,wrds,4,5,5,5,5,5,5,5,5,5,5,11,2
554,celeb,nowrds,3,3,3,3,3,3,4,4,3,4,3,11,1
555,celeb,wrds,2,2,1,5,3,3,2,3,3,3,3,11,2
556,celeb,nowrds,4,5,4,5,5,5,5,5,1,5,5,9,1
557,celeb,wrds,3,5,3,5,4,5,2,5,5,3,2,10,2
558,celeb,nowrds,2,2,2,4,3,4,1,5,1,1,5,9,1
559,celeb,wrds,2,3,4,4,3,3,4,4,3,3,5,11,1
560,celeb,nowrds,3,4,4,5,4,4,5,5,5,5,1,11,2
561,celeb,wrds,3,2,5,5,5,3,4,4,2,5,4,10,1
562,celeb,nowrds,2,3,2,3,3,3,3,3,2,3,3,10,2
563,celeb,wrds,1,3,2,3,3,3,2,4,4,4,3,11,2
564,celeb,nowrds,5,4,4,4,4,4,5,5,4,5,4,10,2
565,celeb,wrds,5,5,5,5,5,5,4,5,5,5,5,11,2
566,celeb,nowrds,4,1,1,1,1,2,2,2,1,2,5,10,2
567,celeb,wrds,3,5,4,4,5,5,3,5,2,1,5,10,2
568,celeb,nowrds,2,2,2,2,2,2,3,3,2,2,3,10,2
569,celeb,wrds,2,4,4,4,4,4,4,4,3,4,4,11,2
570,celeb,nowrds,2,3,4,4,3,4,3,5,5,3,5,10,2
571,celeb,wrds,4,5,5,5,5,5,3,5,1,4,5,10,2
572,celeb,nowrds,4,1,1,2,2,3,4,1,1,1,5,10,1
573,celeb,wrds,4,3,3,4,3,3,2,2,2,2,4,10,1
574,celeb,nowrds,2,4,5,4,4,4,2,2,2,2,5,10,2
575,celeb,wrds,1,5,5,5,5,5,5,5,5,5,5,11,1
576,celeb,nowrds,5,5,5,5,5,5,5,5,5,5,5,11,1
577,celeb,wrds,2,3,3,3,3,3,3,3,2,2,5,11,1
578,celeb,nowrds,4,2,2,3,4,3,2,4,3,3,4,11,1
579,celeb,wrds,4,3,3,3,3,3,4,3,3,3,5,12,2
580,celeb,nowrds,4,1,1,5,5,3,5,4,1,1,1,12,1
581,celeb,wrds,2,5,4,4,4,4,5,5,4,5,5,12,2
582,celeb,nowrds,3,4,4,5,4,4,5,5,5,5,5,12,2
583,celeb,wrds,1,1,1,5,5,5,5,5,5,5,5,11,2
584,celeb,nowrds,4,4,4,4,4,4,5,5,5,4,5,12,2
585,celeb,wrds,3,5,3,3,3,3,3,3,3,3,4,11,2
586,celeb,nowrds,2,3,3,3,3,2,4,2,2,2,4,11,2
587,celeb,wrds,4,1,1,1,1,2,5,5,4,5,5,12,2
588,celeb,nowrds,4,3,3,3,3,3,5,5,5,5,3,12,2
589,celeb,wrds,5,2,2,2,2,2,2,2,1,1,3,11,1
590,celeb,nowrds,3,5,4,5,5,4,5,5,5,5,5,12,1
591,celeb,wrds,2,4,4,4,4,4,4,4,4,4,3,16,1
592,celeb,nowrds,1,2,2,4,2,2,1,1,1,1,5,15,2
593,celeb,wrds,2,3,4,4,4,4,4,4,4,4,5,16,1
594,celeb,nowrds,2,4,4,4,4,4,2,2,2,2,5,14,2
595,celeb,wrds,2,3,3,4,4,3,3,4,4,4,5,16,1
596,celeb,nowrds,5,3,3,4,4,4,4,4,4,4,4,13,2
597,celeb,wrds,2,4,4,4,4,4,2,2,2,2,5,16,1
598,celeb,nowrds,2,2,2,4,4,4,2,2,1,1,4,15,1
599,celeb,wrds,1,5,5,5,5,5,2,1,2,3,5,16,1
600,celeb,nowrds,2,4,4,4,2,2,2,4,2,2,4,15,2
601,celeb,wrds,4,5,5,5,5,5,2,2,2,2,5,16,2
602,celeb,nowrds,2,4,4,4,4,4,3,4,3,4,3,13,1
603,celeb,wrds,2,4,4,4,3,2,2,2,2,2,4,15,2
604,celeb,nowrds,4,4,3,4,2,4,5,4,4,4,5,15,1
605,celeb,wrds,2,5,3,4,4,4,2,2,2,2,5,15,2
606,celeb,nowrds,3,4,4,4,4,4,2,4,2,3,5,14,2
607,celeb,wrds,6,4,4,4,4,4,2,2,2,2,5,13,2
608,celeb,nowrds,2,4,4,5,4,5,5,5,4,5,5,16,2
609,celeb,wrds,3,3,4,3,3,3,4,4,3,4,3,14,1
610,celeb,nowrds,3,4,4,4,4,4,3,3,3,3,4,14,2
611,celeb,wrds,3,3,4,3,3,3,2,2,2,3,3,99,2
612,celeb,nowrds,2,3,3,3,3,3,2,2,4,3,3,14,2
613,celeb,wrds,2,3,3,4,4,4,4,4,4,4,4,15,1
614,celeb,nowrds,1,4,4,3,4,4,1,1,1,1,5,15,1
615,celeb,wrds,3,3,4,4,3,4,5,3,4,3,5,15,1
616,celeb,nowrds,3,3,2,2,2,4,5,5,5,5,5,14,2
617,celeb,wrds,2,4,4,4,4,4,4,4,4,4,4,15,1
618,celeb,nowrds,2,4,5,5,5,5,5,5,5,5,5,14,1
619,celeb,wrds,2,3,3,4,4,4,4,3,2,2,4,14,2
620,celeb,nowrds,4,4,4,4,4,4,5,5,5,5,5,14,2
621,celeb,wrds,3,4,4,4,4,4,4,4,4,4,4,15,1
622,celeb,nowrds,3,4,4,4,4,4,2,2,2,2,5,14,1
623,celeb,wrds,4,2,2,5,4,4,3,2,2,2,4,14,1
624,celeb,nowrds,2,4,3,4,4,4,2,2,2,2,4,14,2
625,celeb,wrds,2,4,1,3,4,4,1,1,1,1,5,16,2
626,celeb,nowrds,2,1,1,4,4,3,3,4,1,1,5,14,2
627,celeb,wrds,2,4,4,4,3,3,4,4,4,4,4,13,1
628,celeb,nowrds,1,1,1,4,1,1,4,4,1,4,5,13,2
629,celeb,wrds,4,3,3,4,4,4,5,3,3,3,5,13,2
630,celeb,nowrds,2,4,4,4,4,4,3,4,2,2,4,13,1
631,celeb,wrds,2,4,4,4,4,2,5,4,1,3,4,14,2
632,celeb,nowrds,4,4,2,3,2,2,5,3,3,3,5,15,2
633,celeb,wrds,2,2,2,3,3,2,3,3,2,2,4,13,2
634,celeb,nowrds,4,4,3,3,4,3,4,3,2,5,4,12,2
635,celeb,wrds,2,2,2,3,4,3,2,2,2,2,4,14,1
636,celeb,nowrds,3,4,4,4,4,4,4,4,4,4,4,16,1
637,celeb,wrds,2,3,3,3,3,3,2,2,2,2,3,14,2
638,celeb,nowrds,2,3,3,3,3,3,3,3,3,3,5,13,2
639,celeb,wrds,2,3,4,4,4,3,2,2,2,2,4,13,2
640,celeb,nowrds,2,5,5,4,4,4,1,4,1,1,5,14,1
641,celeb,wrds,4,4,4,4,4,4,2,4,2,3,5,14,1
642,celeb,nowrds,2,4,3,4,3,3,2,2,2,2,4,14,1
643,celeb,wrds,2,3,3,3,3,3,3,3,3,3,3,14,1
644,celeb,nowrds,3,4,4,5,4,4,4,4,4,4,5,14,2
645,celeb,wrds,4,4,4,5,4,3,4,4,2,1,5,16,2
646,celeb,nowrds,1,3,2,4,4,4,3,4,4,4,5,14,1
647,celeb,wrds,3,3,3,5,5,4,3,3,3,3,5,14,2
648,celeb,nowrds,4,5,4,5,5,5,5,5,5,5,5,13,2
649,celeb,wrds,4,3,4,5,4,4,3,3,3,3,5,13,1
650,celeb,nowrds,3,1,1,1,1,1,1,1,1,1,5,16,2
651,celeb,wrds,5,2,2,4,4,3,5,5,5,5,2,12,2
652,celeb,nowrds,4,4,4,4,4,4,4,5,5,5,4,15,2
653,celeb,wrds,2,3,3,3,3,4,4,3,3,3,5,16,2
654,celeb,nowrds,3,2,2,3,2,2,4,4,4,4,4,14,2
655,celeb,wrds,4,2,1,4,4,2,1,1,1,1,5,16,2
656,celeb,nowrds,3,5,5,5,5,5,5,5,5,5,5,14,2
657,celeb,wrds,2,5,5,5,5,5,5,5,1,5,5,14,2
658,celeb,nowrds,3,3,3,3,3,3,3,3,3,3,3,14,2
659,celeb,wrds,5,5,5,5,5,5,2,4,4,4,5,15,1
660,celeb,nowrds,2,3,3,3,3,3,2,2,2,2,4,13,2
661,celeb,wrds,2,3,3,4,4,3,4,3,3,2,4,15,1
662,celeb,nowrds,2,4,4,4,4,4,2,4,2,2,4,14,2
663,celeb,wrds,3,5,2,4,2,4,2,3,3,3,5,16,1
664,celeb,nowrds,2,1,1,4,4,4,2,2,2,2,5,13,1
665,celeb,wrds,2,4,1,4,3,4,4,2,2,2,5,13,1
666,celeb,nowrds,4,2,2,3,4,2,4,3,3,3,5,13,2
667,celeb,wrds,4,5,2,5,2,4,5,5,5,5,5,15,2
668,celeb,nowrds,2,3,2,4,2,2,2,2,2,2,5,15,2
669,celeb,wrds,2,4,4,4,4,4,4,4,4,4,4,15,2
670,celeb,nowrds,1,2,2,3,2,2,2,2,2,2,3,16,2
671,celeb,wrds,4,3,3,4,4,3,4,3,3,4,4,13,1
672,celeb,nowrds,4,3,2,3,3,3,2,3,4,3,3,12,2
673,celeb,wrds,3,2,4,4,4,2,2,2,2,2,4,15,2
674,celeb,nowrds,2,4,4,4,4,4,2,2,1,1,4,15,2
675,celeb,wrds,2,4,4,5,4,3,5,5,5,5,5,13,2
676,celeb,nowrds,4,5,3,3,4,5,3,3,3,3,5,15,1
677,celeb,wrds,2,4,4,4,4,4,4,4,4,4,5,15,2
678,celeb,nowrds,2,5,5,5,5,5,5,5,5,5,5,15,2
679,celeb,wrds,4,4,3,4,3,4,5,5,5,5,5,15,2
680,celeb,nowrds,2,4,4,4,4,4,4,3,4,4,3,12,1
681,celeb,wrds,4,3,3,3,3,3,4,4,3,2,5,13,2
682,celeb,nowrds,3,5,4,5,5,4,5,5,5,5,5,13,2
683,celeb,wrds,2,3,3,3,4,4,3,2,2,3,4,14,1
684,celeb,nowrds,4,5,3,3,3,4,4,4,4,4,5,15,1
685,celeb,wrds,3,5,5,5,5,5,4,4,3,2,5,15,2
686,celeb,nowrds,2,4,4,3,4,4,2,2,2,2,5,16,1
687,celeb,wrds,1,3,3,2,2,2,5,4,4,4,4,12,2
688,nonceleb,nowrds,3,3,4,4,5,3,3,5,5,5,5,15,2
689,nonceleb,wrds,2,1,4,4,4,4,2,2,1,1,5,15,1
690,nonceleb,nowrds,4,3,4,4,4,3,4,4,3,4,3,15,1
691,nonceleb,wrds,2,2,3,3,4,4,4,3,2,2,5,15,2
692,nonceleb,nowrds,2,4,4,5,4,4,4,3,2,2,5,15,2
693,nonceleb,wrds,2,2,2,3,2,2,2,4,4,4,4,18,1
694,nonceleb,nowrds,2,4,4,4,4,4,4,5,3,2,4,16,2
695,nonceleb,wrds,4,2,2,4,4,2,2,4,1,1,5,14,2
696,nonceleb,nowrds,2,3,3,4,3,3,2,2,1,1,5,14,2
697,nonceleb,wrds,2,4,4,4,4,4,4,4,4,4,4,14,2
698,nonceleb,nowrds,4,1,1,1,1,1,1,1,1,1,5,15,1
699,nonceleb,wrds,2,3,3,3,3,3,4,4,3,4,3,15,1
700,nonceleb,nowrds,2,2,2,2,2,2,2,4,3,4,5,15,1
701,nonceleb,wrds,2,2,2,2,2,4,4,3,2,2,4,14,1
702,nonceleb,nowrds,3,5,5,5,5,4,4,4,4,4,5,13,2
703,nonceleb,wrds,2,2,2,3,1,1,1,1,1,1,5,13,1
704,nonceleb,nowrds,5,2,2,2,2,2,2,3,1,4,5,13,2
705,nonceleb,wrds,2,3,3,4,4,4,2,4,5,5,5,13,2
706,nonceleb,nowrds,4,4,2,4,4,2,3,3,3,3,4,12,2
707,nonceleb,wrds,2,4,4,5,4,4,4,4,4,4,4,13,1
708,nonceleb,nowrds,2,4,4,4,3,4,2,4,4,4,5,15,2
709,nonceleb,wrds,2,4,4,4,4,4,2,2,2,2,4,14,2
710,nonceleb,nowrds,2,4,2,4,4,4,2,2,2,2,5,14,1
711,nonceleb,wrds,3,4,4,4,4,4,3,3,3,3,4,15,1
712,nonceleb,nowrds,2,4,4,5,5,5,5,5,5,5,5,13,2
713,nonceleb,wrds,4,1,3,3,3,3,2,1,1,1,5,16,1
714,nonceleb,nowrds,5,5,5,5,5,5,5,5,5,5,4,13,2
715,nonceleb,wrds,1,2,2,3,2,3,2,2,2,2,4,16,1
716,nonceleb,nowrds,3,3,3,3,3,3,3,3,3,3,3,12,1
717,nonceleb,wrds,1,4,4,4,4,4,4,4,4,4,5,12,1
718,nonceleb,nowrds,2,3,3,3,3,3,4,3,3,3,3,11,1
719,nonceleb,wrds,2,4,4,4,4,4,4,4,4,4,2,11,1
720,nonceleb,nowrds,3,4,3,5,2,2,5,5,5,5,5,12,2
721,nonceleb,wrds,3,3,3,3,3,3,5,5,5,5,5,12,2
722,nonceleb,nowrds,3,5,5,5,5,5,5,5,5,5,5,11,2
723,nonceleb,wrds,5,2,2,2,2,2,3,2,3,3,2,12,2
724,nonceleb,nowrds,2,3,3,4,4,4,1,2,2,2,5,11,1
725,nonceleb,wrds,3,3,3,2,3,3,2,2,3,3,5,12,1
726,nonceleb,nowrds,2,4,3,4,3,3,4,4,3,3,4,12,1
727,nonceleb,wrds,5,3,3,3,4,4,2,2,3,3,3,12,1
728,nonceleb,nowrds,5,4,2,4,4,4,4,4,3,4,5,13,2
729,nonceleb,wrds,4,5,3,4,5,5,5,5,5,5,5,11,2
730,nonceleb,nowrds,3,4,2,2,2,2,5,4,5,5,5,11,1
731,nonceleb,wrds,5,1,1,4,4,1,1,1,1,1,5,12,2
732,nonceleb,nowrds,1,2,2,2,2,3,2,2,2,2,4,12,1
733,nonceleb,wrds,5,3,2,4,3,3,3,3,3,3,1,11,2
734,nonceleb,nowrds,5,5,5,5,5,5,5,5,5,5,5,12,1
735,nonceleb,wrds,2,3,3,3,3,3,2,2,2,4,5,11,2
736,nonceleb,nowrds,3,3,3,3,2,2,1,4,4,4,5,11,2
737,nonceleb,wrds,3,3,3,3,2,2,4,3,5,3,4,12,2
738,nonceleb,nowrds,6,1,1,1,1,1,1,1,1,1,5,11,1
739,nonceleb,wrds,2,4,3,3,4,2,4,2,3,3,2,12,1
740,nonceleb,nowrds,2,4,3,4,4,4,2,3,3,2,4,14,1
741,nonceleb,wrds,2,1,1,2,1,1,1,1,1,1,3,12,2
742,nonceleb,nowrds,2,5,5,4,1,5,1,1,1,1,4,11,2
743,nonceleb,wrds,2,5,3,4,4,3,1,5,1,1,4,11,1
744,nonceleb,nowrds,1,4,4,4,5,4,4,4,4,3,5,12,1
745,nonceleb,wrds,3,5,4,3,4,4,3,4,3,4,5,11,1
746,nonceleb,nowrds,3,3,3,4,4,3,3,2,3,3,5,11,1
747,nonceleb,wrds,2,4,4,3,4,4,3,3,3,3,4,11,2
748,nonceleb,nowrds,3,3,3,4,4,3,1,4,1,5,5,14,2
749,nonceleb,wrds,2,3,3,4,3,3,5,5,3,5,1,12,2
750,nonceleb,nowrds,3,4,4,4,4,4,3,3,3,3,5,13,1
751,nonceleb,wrds,1,4,3,4,4,4,3,3,2,3,5,12,2
752,nonceleb,nowrds,2,4,4,4,4,4,4,4,4,4,4,12,1
753,nonceleb,wrds,3,3,3,3,3,3,5,5,5,5,3,11,1
754,nonceleb,nowrds,1,5,5,5,5,5,5,5,5,5,5,11,2
755,nonceleb,wrds,2,4,4,4,4,4,4,4,4,4,3,11,1
756,nonceleb,nowrds,4,3,4,3,2,3,4,3,5,4,4,11,1
757,nonceleb,wrds,4,5,5,5,5,5,3,3,3,3,3,11,1
758,nonceleb,nowrds,4,4,3,5,4,4,5,5,5,1,4,10,2
759,nonceleb,wrds,4,2,2,4,3,4,4,3,4,3,1,11,1
760,nonceleb,nowrds,4,1,5,3,3,3,1,3,5,2,5,11,1
761,nonceleb,wrds,2,5,5,5,5,5,1,1,1,1,1,11,1
762,nonceleb,nowrds,6,5,1,5,5,5,5,1,1,1,5,11,2
763,nonceleb,wrds,2,4,3,3,5,5,5,1,1,1,2,11,1
764,nonceleb,nowrds,2,3,2,3,3,4,2,3,3,2,4,11,2
765,nonceleb,wrds,6,5,3,5,3,4,5,5,5,5,3,11,2
766,nonceleb,nowrds,6,5,5,5,5,5,1,5,3,2,5,11,2
767,nonceleb,wrds,3,5,5,3,5,5,2,2,2,1,3,11,1
768,nonceleb,nowrds,6,3,1,2,3,3,1,4,4,1,1,11,2
769,nonceleb,wrds,4,4,4,3,4,4,2,4,4,4,4,12,1
770,nonceleb,nowrds,4,5,3,4,5,5,3,3,5,5,5,11,2
771,nonceleb,wrds,3,4,1,4,4,4,3,4,5,3,3,11,1
772,nonceleb,nowrds,4,4,4,4,4,4,1,1,5,1,1,11,2
773,nonceleb,wrds,2,5,5,5,5,5,1,1,1,1,5,10,1
774,nonceleb,nowrds,6,5,5,5,5,5,5,5,5,5,5,11,1
775,nonceleb,wrds,4,5,4,5,5,5,5,5,5,5,5,11,1
776,nonceleb,nowrds,3,3,2,4,3,4,1,1,1,1,4,11,1
777,nonceleb,wrds,2,1,1,1,1,1,1,5,5,5,5,11,1
778,nonceleb,nowrds,2,3,3,3,3,4,1,3,5,2,5,11,2
780,nonceleb,wrds,5,5,5,5,3,4,5,5,2,1,3,11,1
781,nonceleb,nowrds,2,5,2,5,4,4,2,3,2,4,5,11,2
782,nonceleb,wrds,1,5,4,4,5,3,2,4,2,2,3,10,1
783,nonceleb,nowrds,3,5,5,5,5,5,1,5,5,3,5,11,2
784,nonceleb,wrds,1,3,3,3,4,3,4,3,3,3,3,12,2
785,nonceleb,nowrds,2,4,4,4,4,4,5,5,1,3,5,12,2
786,nonceleb,wrds,4,5,3,5,3,4,1,2,2,3,5,10,2
787,nonceleb,nowrds,2,3,2,4,3,4,4,4,5,4,5,12,2
788,nonceleb,wrds,5,3,2,4,3,3,2,2,2,2,5,12,2
789,nonceleb,nowrds,1,5,5,5,4,4,1,1,1,1,1,12,1
790,nonceleb,wrds,2,4,3,5,4,4,5,5,5,5,5,12,2
791,nonceleb,nowrds,3,5,5,5,5,5,4,3,4,4,4,11,1
792,nonceleb,wrds,2,3,4,4,4,4,5,5,3,5,5,11,2
793,nonceleb,nowrds,2,2,2,3,3,1,3,3,3,3,5,11,2
794,nonceleb,wrds,2,4,2,5,5,4,2,5,4,5,5,11,1
795,nonceleb,nowrds,2,5,5,5,5,5,5,5,5,5,5,11,1
796,nonceleb,wrds,2,5,5,4,5,5,3,3,3,3,5,12,2
797,nonceleb,nowrds,5,3,3,3,3,3,4,4,3,4,4,11,1
798,nonceleb,wrds,4,4,2,5,3,5,2,2,3,2,2,11,2
799,nonceleb,nowrds,3,2,2,4,4,3,3,3,3,3,5,11,2
800,nonceleb,wrds,5,5,4,4,3,4,3,5,5,5,4,12,1
801,nonceleb,nowrds,5,2,4,4,4,4,2,2,5,2,5,12,1
802,nonceleb,wrds,5,5,5,5,5,5,3,4,4,4,5,12,1
803,nonceleb,nowrds,5,5,5,5,5,5,1,1,1,1,1,12,1
804,nonceleb,wrds,2,3,3,2,2,3,4,4,4,4,2,12,1
805,nonceleb,nowrds,5,4,4,4,4,4,5,3,3,3,1,12,1
806,nonceleb,wrds,5,2,2,3,4,1,5,3,4,3,4,12,1
807,nonceleb,nowrds,4,4,5,5,5,4,2,3,1,2,5,12,1
808,nonceleb,wrds,4,1,3,3,1,1,1,1,1,1,5,12,2
809,nonceleb,nowrds,4,2,4,5,5,5,5,5,5,5,5,12,2
810,nonceleb,wrds,4,3,4,3,3,4,2,5,5,5,5,12,1
811,nonceleb,nowrds,4,5,3,5,3,4,5,5,3,5,5,12,2
812,nonceleb,wrds,5,5,5,5,5,4,5,5,5,3,5,12,2
813,nonceleb,nowrds,2,3,3,3,3,4,3,4,3,3,4,12,1
814,nonceleb,wrds,3,1,1,5,5,3,2,1,1,1,1,12,1
815,nonceleb,nowrds,3,2,4,4,3,3,5,5,5,5,5,12,1
816,nonceleb,wrds,4,2,2,4,2,3,2,5,5,5,2,12,2
817,nonceleb,nowrds,2,3,3,3,3,3,4,3,2,3,3,12,2
818,nonceleb,wrds,5,3,3,2,3,4,3,3,4,3,1,12,2
819,nonceleb,nowrds,2,3,4,4,4,4,3,5,5,5,4,11,2
820,nonceleb,wrds,2,5,5,5,5,5,3,3,5,5,3,12,1
821,nonceleb,nowrds,2,4,4,4,4,4,4,4,4,4,4,12,1
822,nonceleb,wrds,2,4,4,4,4,4,1,4,4,1,1,11,1
823,nonceleb,nowrds,1,1,3,5,3,2,1,1,1,1,1,12,1
825,nonceleb,wrds,5,2,2,2,2,2,2,2,2,2,4,12,1
826,nonceleb,nowrds,6,5,5,3,4,3,3,2,2,5,2,12,1
827,nonceleb,wrds,4,5,5,5,5,5,1,5,5,1,5,12,2
828,nonceleb,nowrds,2,4,4,4,5,4,4,4,3,3,3,11,1
829,nonceleb,wrds,4,5,5,5,5,5,5,5,5,5,4,11,2
830,nonceleb,nowrds,3,5,5,5,5,5,2,3,2,3,2,11,2
831,nonceleb,wrds,4,5,5,5,3,5,5,5,5,5,5,12,1
832,nonceleb,nowrds,2,2,1,3,2,1,3,1,3,4,3,13,1
833,nonceleb,wrds,4,5,5,5,5,5,1,5,1,1,5,10,2
834,nonceleb,nowrds,5,3,3,3,3,4,5,4,4,4,3,10,2
835,nonceleb,wrds,2,2,2,2,2,2,2,2,2,2,4,10,2
836,nonceleb,nowrds,2,4,4,4,4,4,3,2,2,2,4,10,2
837,nonceleb,wrds,6,4,4,4,4,4,1,1,1,1,5,9,2
838,nonceleb,nowrds,5,4,4,4,4,3,3,3,4,5,4,10,1
839,nonceleb,wrds,2,4,4,4,4,4,2,4,2,3,5,10,1
840,nonceleb,nowrds,2,4,4,4,4,4,5,5,5,5,3,9,2
841,nonceleb,wrds,2,2,1,3,4,3,5,5,2,1,3,9,2
842,nonceleb,nowrds,4,3,5,4,5,4,5,3,3,5,5,9,1
843,nonceleb,wrds,4,5,3,3,3,3,2,3,3,3,5,10,2
844,nonceleb,nowrds,3,5,5,5,5,5,4,5,3,5,4,10,1
845,nonceleb,wrds,2,4,4,4,4,4,5,4,3,3,4,10,2
846,nonceleb,nowrds,4,4,4,4,3,4,5,4,2,3,5,9,2
847,nonceleb,wrds,2,3,3,3,3,3,4,5,5,5,3,9,2
848,nonceleb,nowrds,3,4,4,3,5,5,3,4,3,3,3,10,2
849,nonceleb,wrds,4,5,5,5,4,5,1,3,1,3,4,10,1
850,nonceleb,nowrds,3,3,4,4,4,4,3,4,3,4,3,9,2
851,nonceleb,wrds,2,3,3,3,3,4,2,5,2,5,4,9,2
852,nonceleb,nowrds,2,3,3,3,3,3,3,4,4,4,5,10,2
853,nonceleb,wrds,3,3,3,4,3,3,5,4,4,5,5,9,2
854,nonceleb,nowrds,2,4,3,5,2,5,4,3,5,4,4,10,2
855,nonceleb,wrds,2,5,5,5,5,5,5,5,1,3,5,9,1
856,nonceleb,nowrds,3,5,5,4,5,5,5,4,5,5,4,9,2
857,nonceleb,wrds,5,4,4,4,4,4,2,5,5,5,5,10,2
858,nonceleb,nowrds,4,3,3,4,4,4,4,2,2,2,4,10,2
859,nonceleb,wrds,2,3,3,3,3,3,5,3,3,2,5,10,2
860,nonceleb,nowrds,3,3,3,5,3,2,5,5,2,4,5,10,2
861,nonceleb,wrds,2,4,4,4,3,3,3,5,4,5,5,9,2
862,nonceleb,nowrds,3,3,3,4,3,4,3,2,2,2,3,10,2
863,nonceleb,wrds,6,3,3,3,3,3,4,5,4,5,5,12,1
864,nonceleb,nowrds,6,5,5,4,5,4,4,2,5,2,4,12,1
865,nonceleb,wrds,6,5,5,5,5,5,1,5,4,5,1,12,1
866,nonceleb,nowrds,5,5,4,5,5,4,3,3,2,2,4,13,2
867,nonceleb,wrds,4,4,4,4,4,4,4,4,4,4,2,11,1
868,nonceleb,nowrds,4,5,2,4,3,3,4,1,4,2,2,12,2
869,nonceleb,wrds,4,1,1,1,1,1,5,1,1,1,5,11,2
870,nonceleb,nowrds,4,5,5,5,4,5,5,5,5,5,5,11,2
871,nonceleb,wrds,4,5,1,1,1,1,5,5,5,5,1,11,1
872,nonceleb,nowrds,5,5,3,4,5,4,5,5,5,5,3,12,1
873,nonceleb,wrds,1,4,4,4,4,4,1,2,1,1,1,12,2
874,nonceleb,nowrds,1,5,5,5,4,4,1,1,1,1,1,11,2
875,nonceleb,wrds,4,4,4,3,3,4,5,5,4,4,4,12,1
876,nonceleb,nowrds,4,4,5,5,5,5,1,1,1,1,5,12,1
877,nonceleb,wrds,4,1,1,1,1,1,4,3,3,3,1,10,1
878,nonceleb,nowrds,4,1,1,3,2,1,5,1,1,1,4,12,1
879,nonceleb,wrds,4,5,5,5,5,5,5,5,5,5,5,10,1
880,nonceleb,nowrds,5,4,3,4,4,4,4,5,4,4,4,12,1
881,nonceleb,wrds,2,3,3,3,3,3,5,5,3,5,5,11,2
882,nonceleb,nowrds,3,2,2,4,4,4,3,3,3,2,5,11,2
883,nonceleb,wrds,6,5,5,5,5,5,4,5,3,5,5,11,1
884,nonceleb,nowrds,4,4,4,4,5,5,3,2,1,2,5,12,1
885,nonceleb,wrds,6,2,4,3,3,3,3,3,3,3,3,9,1
886,nonceleb,nowrds,1,1,1,5,1,1,5,5,1,5,1,11,1
887,nonceleb,wrds,5,1,1,1,1,1,5,5,5,5,1,11,1
888,nonceleb,nowrds,2,1,1,2,1,1,2,2,2,1,5,12,2
889,nonceleb,wrds,3,5,5,4,4,5,4,3,3,4,5,10,1
890,nonceleb,nowrds,4,3,3,3,3,3,3,4,3,3,3,11,2
891,nonceleb,wrds,5,3,2,3,4,3,3,3,3,2,3,9,1
892,nonceleb,nowrds,3,1,1,2,1,3,1,1,1,1,5,12,2
893,nonceleb,wrds,1,1,1,1,1,1,1,1,1,1,3,10,1
894,nonceleb,nowrds,2,3,3,4,3,3,4,5,5,4,4,12,1
895,nonceleb,wrds,4,3,2,1,1,1,1,2,1,3,3,11,1
896,nonceleb,nowrds,1,1,1,3,1,1,5,5,5,5,5,12,1
897,nonceleb,wrds,2,2,2,3,3,3,5,4,3,4,3,11,1
898,nonceleb,nowrds,2,3,3,3,4,3,4,4,3,3,5,12,2
899,nonceleb,wrds,5,5,5,5,5,5,4,4,2,4,4,10,1
900,nonceleb,nowrds,2,4,4,3,3,4,4,4,3,1,5,12,2
901,nonceleb,wrds,2,3,3,3,3,3,5,5,1,5,3,10,2
902,nonceleb,nowrds,1,3,3,3,3,3,4,3,3,2,3,11,1
903,nonceleb,wrds,2,1,1,1,1,1,4,4,4,4,5,9,2
904,nonceleb,nowrds,4,4,4,3,3,4,5,5,3,4,5,9,2
905,nonceleb,wrds,2,3,2,3,3,3,3,3,3,3,3,10,2
906,nonceleb,nowrds,3,3,2,3,2,4,5,5,5,5,5,10,2
907,nonceleb,wrds,2,5,4,4,5,4,4,3,4,4,4,10,2
908,nonceleb,nowrds,4,1,3,2,3,2,3,5,3,3,1,9,1
909,nonceleb,wrds,4,1,1,1,1,1,3,2,1,1,4,11,1
910,nonceleb,nowrds,1,1,2,4,4,1,1,4,3,1,1,11,1
911,nonceleb,wrds,2,3,5,4,5,5,4,5,4,4,5,9,2
912,nonceleb,nowrds,3,3,4,4,4,4,5,4,4,4,5,9,1
913,nonceleb,wrds,4,1,1,1,1,1,5,5,4,4,5,10,1
914,nonceleb,nowrds,3,5,3,3,3,4,4,5,3,4,3,10,1
915,nonceleb,wrds,2,3,2,4,3,4,4,4,4,4,3,9,1
916,nonceleb,nowrds,4,4,2,2,2,2,5,5,5,3,5,10,1
917,nonceleb,wrds,2,1,1,1,1,1,5,1,5,5,5,9,2
918,nonceleb,nowrds,2,2,2,3,2,2,3,3,3,3,4,9,1
919,nonceleb,wrds,4,4,4,4,4,4,3,3,3,3,3,10,1
920,nonceleb,nowrds,3,5,5,5,5,1,4,5,5,5,5,10,2
921,nonceleb,wrds,2,1,1,1,2,2,2,3,1,3,1,10,2
922,nonceleb,nowrds,2,5,5,5,5,5,2,5,5,5,5,10,2
923,nonceleb,wrds,5,4,4,4,2,4,4,4,4,3,4,9,1
924,nonceleb,nowrds,5,3,1,2,2,3,5,5,1,5,4,9,2
925,nonceleb,wrds,3,5,5,5,5,5,5,5,5,5,2,10,1
926,nonceleb,nowrds,4,4,4,3,3,3,3,4,4,4,4,10,1
927,nonceleb,wrds,4,2,2,2,2,2,5,5,5,5,3,11,2
928,nonceleb,nowrds,4,3,2,4,4,4,3,2,2,2,4,11,2
929,nonceleb,wrds,4,4,4,4,4,2,2,2,2,5,5,10,1
930,nonceleb,nowrds,2,4,1,5,4,3,4,5,3,4,1,12,1
931,nonceleb,wrds,3,2,4,4,3,3,3,3,2,3,3,11,1
932,nonceleb,nowrds,1,5,3,5,3,3,5,5,5,5,5,10,2
933,nonceleb,wrds,3,2,1,1,1,1,1,1,1,2,4,11,2
934,nonceleb,nowrds,4,5,3,5,3,5,2,5,3,3,5,10,1
935,nonceleb,wrds,4,3,3,2,4,4,3,4,4,5,4,11,2
936,nonceleb,nowrds,3,3,2,4,4,3,2,2,2,2,5,11,2
937,nonceleb,wrds,4,4,3,5,3,4,4,5,5,4,3,11,2
938,nonceleb,nowrds,4,1,3,4,3,3,4,2,2,2,5,11,2
939,nonceleb,wrds,4,4,3,4,3,3,3,3,3,3,4,11,2
940,nonceleb,nowrds,6,3,3,3,3,3,4,3,3,3,3,10,2
941,nonceleb,wrds,2,1,1,1,1,1,5,1,1,1,3,9,1
942,nonceleb,nowrds,2,1,1,1,1,1,1,1,1,2,3,12,2
943,nonceleb,wrds,2,5,5,5,5,5,3,3,4,3,5,12,2
944,nonceleb,nowrds,2,5,5,5,5,5,5,5,4,4,4,11,2
945,nonceleb,wrds,3,5,5,5,4,4,5,5,4,3,4,11,1
946,nonceleb,nowrds,3,5,5,5,5,5,3,3,5,5,5,12,1
947,nonceleb,wrds,2,5,3,3,3,4,3,2,3,4,5,12,1
948,nonceleb,nowrds,4,4,3,5,3,4,3,4,2,4,4,11,1
949,nonceleb,wrds,2,3,2,4,2,2,2,3,2,3,4,11,1
950,nonceleb,nowrds,6,1,2,4,4,3,3,2,1,1,5,12,1
951,nonceleb,wrds,1,1,1,4,2,3,3,4,5,5,4,12,2
952,nonceleb,nowrds,5,3,3,3,4,3,5,5,5,5,5,9,1
953,nonceleb,wrds,3,4,4,5,5,5,5,5,4,4,5,9,1
954,nonceleb,nowrds,1,5,4,4,3,2,3,3,3,3,5,9,1
955,nonceleb,wrds,6,2,3,3,3,3,5,3,5,3,5,9,2
956,nonceleb,nowrds,3,4,4,5,4,5,5,1,1,1,5,8,2
957,nonceleb,wrds,2,1,3,5,1,3,3,3,1,4,1,8,1
958,nonceleb,nowrds,3,5,4,3,3,4,5,4,1,1,1,9,2
959,nonceleb,wrds,6,3,3,3,3,3,2,2,3,3,1,8,2
960,nonceleb,nowrds,2,5,5,5,5,5,5,5,5,5,5,9,2
961,nonceleb,wrds,1,4,4,5,4,4,5,3,3,4,5,8,2
962,nonceleb,nowrds,2,4,4,4,3,5,4,4,4,5,5,9,2
963,nonceleb,wrds,2,4,2,3,4,5,4,2,4,1,2,9,2
964,nonceleb,nowrds,5,2,2,4,4,4,3,5,4,3,2,12,1
965,nonceleb,wrds,3,5,5,5,5,5,3,3,3,4,5,11,2
966,nonceleb,nowrds,3,5,4,4,4,3,3,3,3,3,5,11,2
967,nonceleb,wrds,1,1,1,5,1,1,2,4,5,1,4,12,1
968,nonceleb,nowrds,2,3,3,3,3,4,3,4,3,3,4,9,1
969,nonceleb,wrds,2,4,3,3,3,3,3,3,3,2,3,11,2
970,nonceleb,nowrds,5,5,1,5,5,4,1,5,2,4,5,11,1
971,nonceleb,wrds,2,5,3,4,4,4,4,5,3,4,4,12,2
972,nonceleb,nowrds,2,3,2,3,3,4,2,3,2,4,4,12,2
973,nonceleb,wrds,2,5,5,5,5,5,5,2,5,2,5,11,1
974,nonceleb,nowrds,3,3,3,4,4,4,4,4,4,4,2,11,2
975,nonceleb,wrds,2,1,2,3,2,4,5,4,1,3,4,11,2
976,nonceleb,nowrds,2,5,4,5,4,5,5,5,5,5,2,11,2
977,nonceleb,wrds,2,4,4,5,4,4,3,2,1,1,4,12,1
978,nonceleb,nowrds,3,1,1,1,1,1,4,1,1,1,1,11,2
979,nonceleb,wrds,6,5,5,5,5,5,5,5,5,5,5,12,1
980,nonceleb,nowrds,1,1,1,1,5,5,1,1,1,1,4,12,2
981,nonceleb,wrds,2,2,2,2,2,2,4,4,3,4,3,12,1
982,nonceleb,nowrds,1,3,4,4,4,3,3,3,3,4,3,12,1
983,nonceleb,wrds,6,3,3,3,3,3,3,3,3,3,3,12,1
984,nonceleb,nowrds,6,3,3,3,3,3,3,3,3,3,3,11,1
985,nonceleb,wrds,4,3,3,3,3,3,3,3,3,3,3,12,1
986,nonceleb,nowrds,6,5,2,5,5,5,1,3,1,2,4,12,1
987,nonceleb,wrds,1,1,1,1,1,1,3,3,3,3,3,11,2
988,nonceleb,nowrds,2,2,1,1,1,1,2,2,2,1,4,11,2
989,nonceleb,wrds,5,1,1,1,1,1,4,4,4,4,5,11,2
990,nonceleb,nowrds,4,4,4,5,4,4,4,5,4,4,5,12,2
991,nonceleb,wrds,3,4,4,4,4,4,5,5,5,5,5,12,2
992,nonceleb,nowrds,2,4,4,4,4,4,3,4,4,3,4,11,2
993,nonceleb,wrds,2,3,3,3,3,5,5,5,5,5,4,11,2
994,nonceleb,nowrds,2,5,5,5,5,5,3,3,2,3,5,12,1
995,nonceleb,wrds,6,5,5,5,5,5,4,5,5,5,5,12,1
996,nonceleb,nowrds,1,4,4,4,4,4,2,5,4,4,4,12,1
997,nonceleb,wrds,2,2,1,3,3,2,4,3,3,3,1,12,1
998,nonceleb,nowrds,2,1,1,1,1,5,1,1,1,5,1,12,2
999,nonceleb,wrds,3,3,3,4,4,4,3,2,2,2,4,12,1
1000,nonceleb,nowrds,6,4,4,4,4,4,5,5,5,5,5,11,2
1001,nonceleb,wrds,2,5,5,5,5,5,3,5,5,5,5,12,2
1002,nonceleb,nowrds,1,1,1,1,1,1,1,1,1,3,3,11,2
1003,nonceleb,wrds,6,1,1,1,1,1,1,1,1,1,5,12,1
1004,nonceleb,nowrds,3,4,4,4,4,4,4,4,3,4,4,12,2
1005,nonceleb,wrds,4,2,2,4,3,3,2,4,3,3,2,11,2
1006,nonceleb,nowrds,2,4,2,4,2,3,4,3,3,3,4,11,2
1007,nonceleb,wrds,4,5,3,4,3,3,1,1,1,1,1,12,2
1008,nonceleb,nowrds,5,3,4,4,3,3,3,5,2,4,5,12,2
1009,nonceleb,wrds,6,5,2,4,3,2,3,3,2,2,5,12,1
1010,nonceleb,nowrds,4,5,5,5,5,5,5,5,1,5,5,11,1
1011,nonceleb,wrds,2,3,3,4,4,4,3,2,2,2,5,11,2
1012,nonceleb,nowrds,2,4,4,3,5,4,5,5,5,5,5,11,1
1013,nonceleb,wrds,4,3,3,4,4,4,3,5,3,4,5,11,1
1014,nonceleb,nowrds,2,2,2,4,1,1,3,3,4,3,4,11,1
1015,nonceleb,wrds,2,2,2,2,1,1,1,2,2,1,4,12,2
1016,nonceleb,nowrds,3,5,3,4,4,4,5,5,5,4,4,12,2
1017,nonceleb,wrds,3,2,4,4,3,2,3,3,2,4,5,11,2
1018,nonceleb,nowrds,5,2,2,3,4,4,2,1,1,1,5,12,1
1019,nonceleb,wrds,4,4,4,4,4,4,3,4,4,3,5,11,2
1020,nonceleb,nowrds,2,3,2,4,3,4,2,2,4,4,4,12,1
1021,nonceleb,wrds,2,5,5,5,5,5,1,1,1,1,5,11,1
1022,nonceleb,nowrds,2,4,4,4,4,4,4,4,4,4,3,12,1
1023,nonceleb,wrds,2,3,3,3,3,3,3,3,3,3,4,12,2
1024,nonceleb,nowrds,5,3,3,3,3,3,4,4,4,4,1,11,1
1025,nonceleb,wrds,2,1,4,3,4,4,1,1,1,1,1,11,1
1026,nonceleb,nowrds,4,3,3,3,3,3,3,3,3,3,3,11,1
1027,nonceleb,wrds,2,4,4,4,4,4,4,4,2,4,4,11,2
1028,nonceleb,nowrds,3,2,3,3,3,3,2,2,2,2,4,11,2
1029,nonceleb,wrds,3,1,1,1,1,1,2,1,1,1,3,12,1
1030,nonceleb,nowrds,2,2,3,4,4,4,5,5,5,5,5,12,2
1031,nonceleb,wrds,3,3,3,3,3,3,5,5,3,3,3,12,2
1032,nonceleb,nowrds,2,4,2,4,4,4,5,5,4,5,5,11,2
1033,nonceleb,wrds,2,3,2,2,2,2,3,2,3,3,4,11,1
1034,nonceleb,nowrds,5,5,5,5,5,4,1,5,5,5,3,11,1
1035,nonceleb,wrds,5,3,3,3,3,3,2,4,3,5,3,11,1
1036,nonceleb,nowrds,3,5,5,5,5,5,5,5,5,5,5,12,2
1037,nonceleb,wrds,2,3,3,3,4,3,3,3,3,3,5,11,2
1038,nonceleb,nowrds,4,3,3,3,3,3,1,1,3,4,5,12,1
1039,nonceleb,wrds,1,1,2,1,1,2,1,1,1,1,1,11,1
1040,nonceleb,nowrds,2,5,5,5,5,4,5,5,3,5,5,12,1
1041,nonceleb,wrds,3,2,2,3,2,3,3,3,3,3,3,12,2
1042,nonceleb,nowrds,4,4,3,2,3,3,1,1,1,1,4,11,2
1043,nonceleb,wrds,2,1,1,5,2,3,1,1,1,1,5,12,2
1044,nonceleb,nowrds,3,4,3,4,4,4,3,3,4,5,5,11,1
1045,nonceleb,wrds,2,1,1,4,3,3,1,1,1,1,5,12,1
1046,nonceleb,nowrds,2,3,3,3,3,3,5,5,3,5,5,12,2
1047,nonceleb,wrds,3,1,1,1,1,1,1,5,1,5,5,12,1
1048,nonceleb,nowrds,3,3,2,4,3,2,3,3,2,5,4,12,2
1049,nonceleb,wrds,2,4,4,5,4,4,5,5,3,5,5,11,1
1050,nonceleb,nowrds,2,4,3,4,5,4,5,5,4,5,5,12,1
1051,nonceleb,wrds,3,5,4,5,5,5,1,5,2,5,5,11,1
1052,nonceleb,nowrds,3,3,3,4,4,3,5,5,5,5,5,11,1
1053,nonceleb,wrds,3,4,4,4,4,3,3,4,4,3,5,11,1
1054,nonceleb,nowrds,4,1,1,5,5,1,4,4,4,4,3,11,1
1055,nonceleb,wrds,2,3,3,3,3,3,4,5,4,5,5,11,1
1056,nonceleb,nowrds,2,4,3,5,5,5,2,5,2,4,5,11,1
1057,nonceleb,wrds,3,3,3,4,4,4,1,1,3,1,3,12,2
1058,nonceleb,nowrds,3,1,1,3,1,1,3,2,2,5,5,12,2
1059,nonceleb,wrds,6,5,5,5,5,5,5,5,5,5,5,11,2
1060,nonceleb,nowrds,2,4,3,4,3,3,4,4,3,4,4,12,1
1061,nonceleb,wrds,2,5,3,5,5,5,1,1,3,1,5,11,1
1062,nonceleb,nowrds,4,3,3,4,3,3,3,5,1,5,5,12,1
1063,nonceleb,wrds,6,3,4,5,5,5,2,1,1,1,5,12,2
1064,nonceleb,nowrds,2,3,2,2,2,1,2,2,2,2,4,11,2
1065,nonceleb,wrds,3,3,3,4,4,5,4,4,2,2,4,11,2
1066,nonceleb,nowrds,3,4,4,4,4,4,4,3,2,3,5,11,2
1067,nonceleb,wrds,4,4,5,5,5,5,5,4,5,5,5,11,1
1068,nonceleb,nowrds,2,4,5,3,4,5,5,4,5,5,5,12,1
1069,nonceleb,wrds,2,3,3,4,3,4,3,3,3,3,3,12,2
1070,nonceleb,nowrds,2,4,4,4,4,4,4,4,4,4,4,11,2
1071,nonceleb,wrds,1,4,3,4,4,3,2,3,3,2,5,12,1
1072,nonceleb,nowrds,3,2,2,2,2,2,4,3,2,2,2,11,2
1073,nonceleb,wrds,6,3,3,3,3,3,4,3,3,3,5,12,2
1074,nonceleb,nowrds,3,3,3,3,3,4,4,3,2,4,5,11,2
1075,nonceleb,wrds,2,4,3,5,4,3,5,5,5,5,5,11,1
1076,nonceleb,nowrds,2,3,2,5,5,4,2,2,3,3,5,12,2
1077,nonceleb,wrds,3,4,4,4,4,4,5,5,5,5,3,12,2
1078,nonceleb,nowrds,2,4,4,5,4,4,4,5,3,4,5,12,1
1079,nonceleb,wrds,2,5,3,5,4,2,5,5,1,5,5,11,2
1080,nonceleb,nowrds,5,4,4,3,4,2,2,3,1,2,5,11,2
1081,nonceleb,wrds,4,4,3,3,2,3,4,3,5,5,4,9,2
1082,nonceleb,nowrds,5,5,4,4,4,3,2,3,3,3,3,10,1
1083,nonceleb,wrds,3,5,5,5,5,5,5,5,5,5,5,9,2
1084,nonceleb,nowrds,4,1,1,1,1,1,1,1,1,1,5,9,1
1085,nonceleb,wrds,4,5,5,5,5,5,5,5,1,5,5,10,1
1086,nonceleb,nowrds,1,1,1,1,1,1,5,5,5,5,5,10,1
1087,nonceleb,wrds,2,5,5,5,5,5,5,5,5,5,5,11,1
1088,nonceleb,nowrds,3,5,5,5,5,5,1,5,5,5,5,10,1
1089,nonceleb,wrds,2,5,5,5,5,5,5,5,5,5,5,10,1
1090,nonceleb,nowrds,2,5,3,5,5,3,1,5,5,5,5,9,1
1091,nonceleb,wrds,2,5,5,5,5,5,3,3,3,3,5,9,2
1092,nonceleb,nowrds,2,3,3,3,3,3,5,5,3,3,3,10,1
1093,nonceleb,wrds,2,1,3,3,3,3,4,4,4,4,3,9,1
1094,nonceleb,nowrds,2,5,5,5,5,5,5,1,5,5,4,10,2
1095,nonceleb,wrds,4,5,5,5,5,5,2,5,5,2,5,9,1
1096,nonceleb,nowrds,3,3,3,4,2,3,2,1,2,2,4,9,2
1097,nonceleb,wrds,3,3,3,3,3,3,4,5,5,5,4,9,2
1098,nonceleb,nowrds,5,4,5,5,5,5,5,3,3,3,5,9,2
1099,nonceleb,wrds,2,3,3,3,2,3,4,5,5,5,5,9,2
1100,nonceleb,nowrds,2,1,1,1,1,5,1,1,1,1,5,9,2
1101,nonceleb,wrds,2,3,2,3,2,3,4,4,4,4,5,9,2
1102,nonceleb,nowrds,4,3,1,4,4,4,5,5,1,5,4,10,1
1103,nonceleb,wrds,2,1,2,3,1,1,5,1,2,3,4,9,2
1104,nonceleb,nowrds,5,5,5,5,5,5,5,5,5,5,4,9,2
1105,nonceleb,wrds,2,5,5,5,5,5,1,5,5,5,5,10,1
1106,nonceleb,nowrds,3,5,5,5,5,5,3,3,3,3,4,9,2
1107,nonceleb,wrds,2,2,2,5,2,2,2,5,5,5,5,10,1
1108,nonceleb,nowrds,6,5,5,5,5,5,5,5,4,5,5,9,1
1109,nonceleb,wrds,2,3,3,3,3,3,3,3,3,3,4,9,1
1110,nonceleb,nowrds,2,5,5,5,5,5,1,4,2,4,5,9,2
1111,nonceleb,wrds,5,3,3,4,3,4,5,5,5,4,3,9,1
1112,nonceleb,nowrds,4,3,3,4,3,3,3,4,4,4,3,9,2
1113,nonceleb,wrds,2,5,4,5,4,5,5,4,3,5,5,10,1
1114,nonceleb,nowrds,2,5,5,5,5,5,1,5,5,5,5,9,1
1115,nonceleb,wrds,3,4,3,3,3,3,3,3,3,3,4,9,1
1116,nonceleb,nowrds,4,5,5,5,5,5,5,5,5,5,5,10,2
